{
  "contacts": [
    {
      "label": "Discord",
      "display": "Discord: @suk0n_",
      "url": "https://discord.com/users/630020484070768641",
      "status": "Saku Bot • ติดต่อผ่าน Discord",
      "icon": "🟣"
    },
    {
      "label": "Facebook",
      "display": "Facebook: fb.com/sukonlawatsaetiao",
      "url": "https://www.facebook.com/sukonlawatsaetiao",
      "status": "Saku Bot • ติดต่อผ่าน Facebook",
      "icon": "📘"
    },
    {
      "label": "Instagram",
      "display": "Instagram: @sukonlxwat",
      "url": "https://www.instagram.com/sukonlxwat?igsh=MXVkeWJ2aWN6MTBpMA==",
      "status": "Saku Bot • ติดต่อผ่าน Instagram",
      "icon": "📸"
    },
    {
      "label": "GitHub",
      "display": "GitHub: github.com/SukonDev",
      "url": "https://github.com/SukonDev",
      "status": "Saku Bot • ติดต่อผ่าน GitHub",
      "icon": "💻"
    }
  ]
}
